sim,final_equity,return_pct
0,16326.67330932294,63.2667330932294
1,18959.55082310907,89.59550823109072
2,18959.55082310907,89.59550823109072
3,14777.834841563385,47.77834841563385
4,14777.834841563397,47.77834841563398
5,18959.550823109064,89.59550823109065
6,14777.834841563388,47.77834841563388
7,15532.96113679989,55.3296113679989
8,13375.927751296515,33.75927751296515
9,17160.943042459392,71.60943042459392
10,16326.673309322941,63.26673309322941
11,17160.943042459392,71.60943042459392
12,12107.013315962617,21.070133159626167
13,17160.943042459403,71.60943042459404
14,20946.667471867553,109.46667471867553
15,20946.667471867553,109.46667471867553
16,12725.664438382013,27.256644383820127
17,16326.673309322943,63.26673309322943
18,18037.842769743525,80.37842769743526
19,17160.943042459396,71.60943042459395
20,16326.673309322945,63.266733093229455
21,14777.834841563397,47.77834841563398
22,14777.834841563394,47.778348415633936
23,18959.55082310907,89.59550823109072
24,19928.356844146445,99.28356844146445
25,19928.356844146445,99.28356844146445
26,14777.834841563397,47.77834841563398
27,16326.673309322943,63.26673309322943
28,16326.673309322945,63.266733093229455
29,16326.673309322947,63.26673309322947
30,19928.356844146434,99.28356844146434
31,17160.9430424594,71.609430424594
32,18959.550823109053,89.59550823109053
33,13375.927751296522,33.75927751296522
34,14777.83484156339,47.7783484156339
35,15532.96113679989,55.3296113679989
36,17160.943042459396,71.60943042459395
37,14777.83484156339,47.7783484156339
38,18959.55082310907,89.59550823109072
39,14059.418592578577,40.59418592578577
40,19928.356844146434,99.28356844146434
41,22017.01232110723,120.17012321107232
42,16326.673309322943,63.26673309322943
43,16326.673309322943,63.26673309322943
44,23142.05026641255,131.42050266412548
45,12725.664438382026,27.256644383820255
46,22017.01232110723,120.17012321107232
47,18959.550823109083,89.59550823109083
48,12107.013315962618,21.070133159626184
49,12725.664438382018,27.256644383820184
50,15532.961136799891,55.32961136799891
51,15532.961136799886,55.32961136799885
52,14059.41859257858,40.5941859257858
53,15532.961136799879,55.32961136799879
54,18037.842769743536,80.37842769743536
55,11518.437574921049,15.184375749210485
56,19928.35684414644,99.28356844146441
57,22017.01232110724,120.1701232110724
58,15532.961136799897,55.329611367998965
59,14777.834841563397,47.77834841563398
60,15532.961136799886,55.32961136799885
61,17160.9430424594,71.609430424594
62,16326.673309322941,63.26673309322941
63,18037.842769743533,80.37842769743533
64,18037.84276974352,80.37842769743521
65,19928.35684414645,99.28356844146448
66,16326.673309322941,63.26673309322941
67,17160.9430424594,71.609430424594
68,14777.834841563394,47.778348415633936
69,11518.43757492105,15.184375749210503
70,14777.834841563385,47.77834841563385
71,13375.92775129651,33.759277512965106
72,17160.943042459396,71.60943042459395
73,26873.99140438788,168.73991404387883
74,10958.475117263417,9.584751172634169
75,15532.961136799886,55.32961136799885
76,15532.961136799886,55.32961136799885
77,19928.356844146434,99.28356844146434
78,15532.96113679989,55.3296113679989
79,28247.214057434267,182.47214057434266
80,18959.55082310908,89.59550823109079
81,14777.834841563403,47.77834841563403
82,12725.664438382018,27.256644383820184
83,16326.673309322961,63.26673309322961
84,17160.943042459385,71.60943042459384
85,15532.96113679989,55.3296113679989
86,12725.664438382028,27.256644383820277
87,17160.9430424594,71.609430424594
88,22017.01232110722,120.17012321107221
89,15532.961136799891,55.32961136799891
90,19928.356844146445,99.28356844146445
91,14777.834841563394,47.778348415633936
92,20946.66747186755,109.4666747186755
93,18037.842769743536,80.37842769743536
94,22017.01232110724,120.1701232110724
95,17160.943042459396,71.60943042459395
96,18037.842769743533,80.37842769743533
97,17160.943042459392,71.60943042459392
98,14777.834841563395,47.77834841563396
99,24324.57604702985,143.24576047029848
100,16326.673309322947,63.26673309322947
101,18037.842769743544,80.37842769743544
102,15532.961136799886,55.32961136799885
103,16326.673309322952,63.26673309322952
104,31207.754096502944,212.0775409650294
105,14777.834841563397,47.77834841563398
106,18959.550823109083,89.59550823109083
107,14777.834841563386,47.778348415633864
108,17160.943042459403,71.60943042459404
109,18959.550823109068,89.59550823109068
110,16326.673309322947,63.26673309322947
111,16326.673309322941,63.26673309322941
112,17160.943042459396,71.60943042459395
113,14777.834841563397,47.77834841563398
114,10958.475117263415,9.584751172634151
115,14059.41859257859,40.594185925785894
116,14059.418592578582,40.59418592578582
117,16326.673309322945,63.266733093229455
118,16326.673309322945,63.266733093229455
119,16326.673309322936,63.266733093229355
120,17160.9430424594,71.609430424594
121,20946.667471867542,109.46667471867542
122,20946.667471867535,109.46667471867535
123,18037.842769743525,80.37842769743526
124,20946.66747186755,109.4666747186755
125,15532.96113679989,55.3296113679989
126,14777.834841563386,47.778348415633864
127,15532.961136799888,55.32961136799888
128,18037.84276974352,80.37842769743521
129,14777.834841563386,47.778348415633864
130,16326.673309322941,63.26673309322941
131,14777.834841563388,47.77834841563388
132,20946.667471867542,109.46667471867542
133,14777.834841563395,47.77834841563396
134,17160.943042459385,71.60943042459384
135,14777.83484156339,47.7783484156339
136,15532.96113679989,55.3296113679989
137,19928.356844146445,99.28356844146445
138,10425.73492407928,4.2573492407927915
139,13375.92775129652,33.759277512965205
140,16326.673309322947,63.26673309322947
141,18959.55082310907,89.59550823109072
142,16326.673309322936,63.266733093229355
143,13375.92775129652,33.759277512965205
144,16326.673309322952,63.26673309322952
145,12107.013315962613,21.07013315962613
146,23142.050266412563,131.42050266412565
147,18037.84276974352,80.37842769743521
148,16326.67330932295,63.2667330932295
149,15532.961136799891,55.32961136799891
150,16326.673309322941,63.26673309322941
151,14777.834841563388,47.77834841563388
152,13375.927751296513,33.75927751296513
153,15532.961136799888,55.32961136799888
154,18037.842769743518,80.37842769743519
155,16326.673309322934,63.26673309322934
156,16326.673309322941,63.26673309322941
157,18037.84276974352,80.37842769743521
158,15532.961136799888,55.32961136799888
159,12725.664438382017,27.256644383820166
160,14059.418592578575,40.59418592578575
161,16326.673309322945,63.266733093229455
162,16326.673309322945,63.266733093229455
163,12725.664438382011,27.25664438382011
164,17160.943042459392,71.60943042459392
165,18037.842769743525,80.37842769743526
166,16326.67330932294,63.2667330932294
167,14777.83484156339,47.7783484156339
168,12107.013315962617,21.070133159626167
169,12725.664438382018,27.256644383820184
170,14059.418592578582,40.59418592578582
171,14777.834841563397,47.77834841563398
172,18959.55082310907,89.59550823109072
173,18959.55082310906,89.5955082310906
174,18037.842769743533,80.37842769743533
175,15532.96113679989,55.3296113679989
176,10958.47511726342,9.584751172634205
177,20946.66747186755,109.4666747186755
178,19928.35684414643,99.2835684414643
179,14777.83484156339,47.7783484156339
180,18037.84276974353,80.3784276974353
181,15532.961136799877,55.329611367998766
182,17160.943042459396,71.60943042459395
183,20946.667471867553,109.46667471867553
184,17160.9430424594,71.609430424594
185,15532.961136799884,55.329611367998844
186,15532.96113679989,55.3296113679989
187,11518.437574921052,15.18437574921052
188,13375.927751296515,33.75927751296515
189,14777.83484156339,47.7783484156339
190,12725.66443838202,27.256644383820205
191,15532.961136799888,55.32961136799888
192,14059.418592578588,40.59418592578587
193,17160.943042459385,71.60943042459384
194,14777.834841563383,47.77834841563383
195,18037.84276974353,80.3784276974353
196,17160.94304245938,71.60943042459381
197,14777.83484156339,47.7783484156339
198,14777.834841563397,47.77834841563398
199,23142.050266412556,131.42050266412556
200,14777.834841563388,47.77834841563388
201,14777.834841563397,47.77834841563398
202,20946.66747186755,109.4666747186755
203,18959.55082310907,89.59550823109072
204,18037.842769743525,80.37842769743526
205,16326.673309322932,63.26673309322932
206,12725.664438382022,27.256644383820223
207,14059.418592578586,40.59418592578586
208,19928.35684414644,99.28356844146441
209,16326.67330932294,63.2667330932294
210,13375.927751296522,33.75927751296522
211,15532.961136799895,55.32961136799896
212,13375.927751296516,33.75927751296516
213,14777.834841563386,47.778348415633864
214,14059.418592578588,40.59418592578587
215,17160.9430424594,71.609430424594
216,17160.943042459403,71.60943042459404
217,17160.943042459392,71.60943042459392
218,13375.927751296515,33.75927751296515
219,12725.664438382028,27.256644383820277
220,11518.437574921052,15.18437574921052
221,18959.55082310907,89.59550823109072
222,19928.35684414644,99.28356844146441
223,15532.961136799897,55.329611367998965
224,16326.67330932295,63.2667330932295
225,22017.012321107224,120.17012321107224
226,18037.842769743536,80.37842769743536
227,19928.356844146445,99.28356844146445
228,14777.834841563386,47.778348415633864
229,18959.55082310907,89.59550823109072
230,17160.943042459392,71.60943042459392
231,18037.84276974353,80.3784276974353
232,18037.842769743536,80.37842769743536
233,14059.418592578579,40.59418592578579
234,16326.673309322952,63.26673309322952
235,17160.943042459392,71.60943042459392
236,14059.41859257858,40.5941859257858
237,17160.943042459403,71.60943042459404
238,12725.664438382018,27.256644383820184
239,20946.667471867542,109.46667471867542
240,15532.961136799877,55.329611367998766
241,17160.9430424594,71.609430424594
242,17160.943042459392,71.60943042459392
243,18037.84276974353,80.3784276974353
244,10958.475117263417,9.584751172634169
245,17160.943042459403,71.60943042459404
246,20946.66747186755,109.4666747186755
247,17160.9430424594,71.609430424594
248,13375.927751296515,33.75927751296515
249,17160.943042459396,71.60943042459395
250,16326.673309322952,63.26673309322952
251,16326.673309322941,63.26673309322941
252,14059.418592578579,40.59418592578579
253,17160.94304245938,71.60943042459381
254,17160.943042459396,71.60943042459395
255,18037.842769743518,80.37842769743519
256,16326.673309322945,63.266733093229455
257,15532.961136799877,55.329611367998766
258,14059.418592578575,40.59418592578575
259,18959.550823109075,89.59550823109075
260,19928.356844146445,99.28356844146445
261,18037.842769743536,80.37842769743536
262,17160.943042459392,71.60943042459392
263,22017.01232110722,120.17012321107221
264,14777.834841563383,47.77834841563383
265,15532.961136799891,55.32961136799891
266,18037.84276974353,80.3784276974353
267,17160.943042459396,71.60943042459395
268,23142.050266412567,131.42050266412565
269,19928.356844146445,99.28356844146445
270,17160.943042459392,71.60943042459392
271,13375.927751296524,33.759277512965234
272,17160.943042459392,71.60943042459392
273,22017.01232110723,120.17012321107232
274,12107.013315962611,21.07013315962611
275,16326.673309322945,63.266733093229455
276,12725.664438382018,27.256644383820184
277,18037.842769743525,80.37842769743526
278,13375.927751296505,33.75927751296505
279,15532.961136799895,55.32961136799896
280,11518.43757492105,15.184375749210503
281,19928.356844146427,99.28356844146427
282,13375.927751296515,33.75927751296515
283,12725.664438382028,27.256644383820277
284,17160.9430424594,71.609430424594
285,13375.927751296502,33.75927751296502
286,18959.550823109075,89.59550823109075
287,16326.673309322941,63.26673309322941
288,15532.961136799886,55.32961136799885
289,15532.961136799886,55.32961136799885
290,11518.437574921045,15.18437574921045
291,15532.961136799891,55.32961136799891
292,10958.475117263415,9.584751172634151
293,15532.96113679989,55.3296113679989
294,12725.664438382028,27.256644383820277
295,16326.673309322943,63.26673309322943
296,19928.35684414644,99.28356844146441
297,16326.673309322943,63.26673309322943
298,22017.01232110724,120.1701232110724
299,13375.927751296513,33.75927751296513
300,17160.943042459403,71.60943042459404
301,10425.73492407928,4.2573492407927915
302,18037.842769743525,80.37842769743526
303,18959.550823109057,89.59550823109058
304,12107.013315962613,21.07013315962613
305,19928.356844146445,99.28356844146445
306,18037.842769743525,80.37842769743526
307,16326.673309322941,63.26673309322941
308,15532.961136799895,55.32961136799896
309,18959.550823109075,89.59550823109075
310,13375.927751296522,33.75927751296522
311,14059.418592578575,40.59418592578575
312,18037.84276974353,80.3784276974353
313,13375.927751296513,33.75927751296513
314,12725.66443838202,27.256644383820205
315,19928.35684414644,99.28356844146441
316,13375.927751296515,33.75927751296515
317,14777.834841563397,47.77834841563398
318,17160.943042459392,71.60943042459392
319,15532.961136799891,55.32961136799891
320,14777.83484156339,47.7783484156339
321,19928.356844146434,99.28356844146434
322,18037.84276974353,80.3784276974353
323,18037.842769743525,80.37842769743526
324,14059.41859257858,40.5941859257858
325,18037.842769743525,80.37842769743526
326,13375.92775129652,33.759277512965205
327,19928.356844146445,99.28356844146445
328,18959.55082310907,89.59550823109072
329,13375.927751296522,33.75927751296522
330,22017.012321107224,120.17012321107224
331,14059.418592578575,40.59418592578575
332,18959.55082310908,89.59550823109079
333,14777.834841563394,47.778348415633936
334,15532.96113679989,55.3296113679989
335,14777.8348415634,47.77834841563399
336,14777.83484156339,47.7783484156339
337,15532.96113679989,55.3296113679989
338,16326.67330932294,63.2667330932294
339,14059.418592578588,40.59418592578587
340,16326.673309322943,63.26673309322943
341,17160.943042459396,71.60943042459395
342,15532.96113679988,55.32961136799881
343,14059.418592578566,40.59418592578566
344,14777.834841563395,47.77834841563396
345,18037.842769743525,80.37842769743526
346,16326.673309322952,63.26673309322952
347,12725.66443838202,27.256644383820205
348,19928.356844146445,99.28356844146445
349,13375.92775129652,33.759277512965205
350,17160.943042459396,71.60943042459395
351,18959.55082310907,89.59550823109072
352,13375.92775129652,33.759277512965205
353,18959.550823109064,89.59550823109065
354,14059.418592578595,40.59418592578595
355,20946.66747186755,109.4666747186755
356,15532.961136799879,55.32961136799879
357,17160.943042459407,71.60943042459407
358,16326.673309322945,63.266733093229455
359,11518.437574921052,15.18437574921052
360,12107.013315962617,21.070133159626167
361,17160.943042459392,71.60943042459392
362,17160.943042459403,71.60943042459404
363,15532.961136799884,55.329611367998844
364,18959.550823109068,89.59550823109068
365,22017.012321107242,120.17012321107244
366,18959.550823109064,89.59550823109065
367,19928.356844146452,99.28356844146452
368,15532.961136799891,55.32961136799891
369,14059.418592578586,40.59418592578586
370,13375.927751296513,33.75927751296513
371,20946.66747186753,109.4666747186753
372,14777.834841563385,47.77834841563385
373,12725.664438382022,27.256644383820223
374,16326.673309322952,63.26673309322952
375,19928.35684414644,99.28356844146441
376,13375.927751296515,33.75927751296515
377,14777.83484156339,47.7783484156339
378,15532.961136799886,55.32961136799885
379,18037.842769743525,80.37842769743526
380,12725.664438382022,27.256644383820223
381,18037.84276974353,80.3784276974353
382,16326.673309322952,63.26673309322952
383,12107.013315962611,21.07013315962611
384,12725.664438382018,27.256644383820184
385,22017.012321107242,120.17012321107244
386,12107.013315962618,21.070133159626184
387,17160.9430424594,71.609430424594
388,12725.664438382018,27.256644383820184
389,16326.673309322945,63.266733093229455
390,12725.66443838202,27.256644383820205
391,19928.356844146434,99.28356844146434
392,17160.9430424594,71.609430424594
393,18959.550823109068,89.59550823109068
394,17160.943042459392,71.60943042459392
395,18959.550823109068,89.59550823109068
396,12107.01331596262,21.070133159626202
397,14777.8348415634,47.77834841563399
398,15532.961136799897,55.329611367998965
399,11518.437574921045,15.18437574921045
400,18959.550823109064,89.59550823109065
401,18959.550823109064,89.59550823109065
402,18037.842769743525,80.37842769743526
403,12725.664438382017,27.256644383820166
404,11518.437574921049,15.184375749210485
405,18959.550823109075,89.59550823109075
406,15532.961136799888,55.32961136799888
407,17160.943042459403,71.60943042459404
408,14059.418592578586,40.59418592578586
409,12725.664438382018,27.256644383820184
410,18959.550823109057,89.59550823109058
411,16326.673309322945,63.266733093229455
412,14059.418592578575,40.59418592578575
413,13375.92775129652,33.759277512965205
414,14777.83484156339,47.7783484156339
415,12725.66443838202,27.256644383820205
416,13375.927751296513,33.75927751296513
417,22017.012321107217,120.17012321107217
418,13375.927751296516,33.75927751296516
419,14059.418592578588,40.59418592578587
420,12107.013315962617,21.070133159626167
421,14777.83484156339,47.7783484156339
422,19928.35684414644,99.28356844146441
423,16326.673309322941,63.26673309322941
424,19928.356844146423,99.28356844146423
425,18959.55082310907,89.59550823109072
426,12107.013315962611,21.07013315962611
427,17160.943042459396,71.60943042459395
428,12107.013315962617,21.070133159626167
429,13375.927751296522,33.75927751296522
430,14777.834841563388,47.77834841563388
431,16326.67330932294,63.2667330932294
432,20946.667471867542,109.46667471867542
433,19928.356844146445,99.28356844146445
434,13375.927751296522,33.75927751296522
435,17160.943042459385,71.60943042459384
436,15532.961136799886,55.32961136799885
437,13375.927751296522,33.75927751296522
438,17160.9430424594,71.609430424594
439,25567.527209397063,155.67527209397062
440,19928.356844146445,99.28356844146445
441,15532.961136799891,55.32961136799891
442,14777.834841563388,47.77834841563388
443,18037.842769743525,80.37842769743526
444,18037.842769743515,80.37842769743514
445,15532.96113679989,55.3296113679989
446,12725.664438382022,27.256644383820223
447,15532.961136799888,55.32961136799888
448,14777.834841563397,47.77834841563398
449,16326.673309322941,63.26673309322941
450,14777.834841563397,47.77834841563398
451,17160.943042459396,71.60943042459395
452,19928.356844146438,99.28356844146438
453,14059.418592578579,40.59418592578579
454,18037.842769743525,80.37842769743526
455,17160.9430424594,71.609430424594
456,13375.927751296515,33.75927751296515
457,19928.356844146434,99.28356844146434
458,18959.55082310907,89.59550823109072
459,16326.673309322952,63.26673309322952
460,18037.84276974353,80.3784276974353
461,18037.842769743518,80.37842769743519
462,19928.356844146423,99.28356844146423
463,19928.35684414642,99.2835684414642
464,13375.927751296515,33.75927751296515
465,17160.943042459407,71.60943042459407
466,16326.67330932295,63.2667330932295
467,17160.943042459403,71.60943042459404
468,18037.84276974354,80.3784276974354
469,19928.35684414644,99.28356844146441
470,14059.418592578586,40.59418592578586
471,20946.667471867542,109.46667471867542
472,16326.673309322945,63.266733093229455
473,12107.013315962613,21.07013315962613
474,19928.356844146445,99.28356844146445
475,18959.550823109064,89.59550823109065
476,19928.356844146427,99.28356844146427
477,17160.9430424594,71.609430424594
478,15532.961136799897,55.329611367998965
479,14059.418592578586,40.59418592578586
480,19928.356844146438,99.28356844146438
481,16326.67330932294,63.2667330932294
482,19928.35684414644,99.28356844146441
483,17160.943042459396,71.60943042459395
484,16326.673309322932,63.26673309322932
485,14777.834841563394,47.778348415633936
486,14059.418592578582,40.59418592578582
487,18037.842769743525,80.37842769743526
488,15532.961136799886,55.32961136799885
489,15532.961136799879,55.32961136799879
490,12725.664438382028,27.256644383820277
491,16326.673309322943,63.26673309322943
492,20946.667471867542,109.46667471867542
493,14777.834841563388,47.77834841563388
494,16326.673309322941,63.26673309322941
495,18037.84276974353,80.3784276974353
496,20946.66747186756,109.46667471867559
497,14777.83484156339,47.7783484156339
498,19928.35684414644,99.28356844146441
499,14777.834841563379,47.77834841563379
500,15532.961136799888,55.32961136799888
501,18037.842769743518,80.37842769743519
502,15532.961136799895,55.32961136799896
503,22017.01232110724,120.1701232110724
504,14059.418592578586,40.59418592578586
505,13375.927751296515,33.75927751296515
506,13375.92775129652,33.759277512965205
507,18959.55082310908,89.59550823109079
508,14777.834841563388,47.77834841563388
509,20946.66747186754,109.46667471867539
510,18959.55082310907,89.59550823109072
511,18959.55082310907,89.59550823109072
512,13375.927751296525,33.759277512965255
513,14777.834841563388,47.77834841563388
514,17160.9430424594,71.609430424594
515,14059.418592578582,40.59418592578582
516,11518.43757492105,15.184375749210503
517,14777.834841563395,47.77834841563396
518,18959.550823109075,89.59550823109075
519,13375.927751296515,33.75927751296515
520,18959.550823109064,89.59550823109065
521,20946.667471867542,109.46667471867542
522,22017.012321107235,120.17012321107234
523,14777.834841563395,47.77834841563396
524,18037.84276974353,80.3784276974353
525,18037.842769743525,80.37842769743526
526,17160.943042459403,71.60943042459404
527,14059.41859257858,40.5941859257858
528,14059.418592578586,40.59418592578586
529,12107.013315962618,21.070133159626184
530,14777.834841563385,47.77834841563385
531,18037.842769743536,80.37842769743536
532,15532.961136799897,55.329611367998965
533,14777.83484156339,47.7783484156339
534,14777.834841563403,47.77834841563403
535,18037.842769743525,80.37842769743526
536,23142.05026641255,131.42050266412548
537,13375.92775129652,33.759277512965205
538,15532.96113679988,55.32961136799881
539,14059.41859257859,40.594185925785894
540,14777.834841563395,47.77834841563396
541,14059.41859257859,40.594185925785894
542,14059.41859257858,40.5941859257858
543,19928.356844146445,99.28356844146445
544,20946.667471867535,109.46667471867535
545,19928.356844146445,99.28356844146445
546,10425.734924079277,4.257349240792773
547,12107.013315962617,21.070133159626167
548,22017.012321107235,120.17012321107234
549,17160.943042459392,71.60943042459392
550,14777.834841563395,47.77834841563396
551,17160.943042459392,71.60943042459392
552,18037.84276974353,80.3784276974353
553,15532.961136799886,55.32961136799885
554,14059.41859257858,40.5941859257858
555,16326.67330932294,63.2667330932294
556,13375.92775129652,33.759277512965205
557,18959.550823109053,89.59550823109053
558,19928.356844146434,99.28356844146434
559,17160.9430424594,71.609430424594
560,14059.418592578588,40.59418592578587
561,15532.961136799888,55.32961136799888
562,18959.55082310907,89.59550823109072
563,18037.84276974353,80.3784276974353
564,17160.943042459396,71.60943042459395
565,16326.673309322941,63.26673309322941
566,14777.8348415634,47.77834841563399
567,17160.9430424594,71.609430424594
568,12725.664438382022,27.256644383820223
569,22017.01232110724,120.1701232110724
570,14059.418592578575,40.59418592578575
571,16326.673309322945,63.266733093229455
572,18037.84276974352,80.37842769743521
573,15532.961136799888,55.32961136799888
574,19928.356844146445,99.28356844146445
575,18037.84276974353,80.3784276974353
576,17160.9430424594,71.609430424594
577,18037.842769743525,80.37842769743526
578,22017.01232110723,120.17012321107232
579,15532.96113679989,55.3296113679989
580,13375.927751296507,33.75927751296508
581,18959.55082310908,89.59550823109079
582,14777.83484156339,47.7783484156339
583,14777.834841563394,47.778348415633936
584,16326.673309322947,63.26673309322947
585,14777.83484156339,47.7783484156339
586,22017.012321107235,120.17012321107234
587,12107.013315962618,21.070133159626184
588,13375.92775129652,33.759277512965205
589,15532.961136799897,55.329611367998965
590,14777.834841563394,47.778348415633936
591,12725.66443838202,27.256644383820205
592,23142.050266412552,131.42050266412554
593,12725.66443838202,27.256644383820205
594,14777.834841563394,47.778348415633936
595,18037.842769743518,80.37842769743519
596,16326.67330932295,63.2667330932295
597,13375.927751296513,33.75927751296513
598,13375.927751296505,33.75927751296505
599,18959.550823109064,89.59550823109065
600,16326.67330932295,63.2667330932295
601,18037.84276974353,80.3784276974353
602,12107.013315962618,21.070133159626184
603,20946.66747186755,109.4666747186755
604,13375.927751296515,33.75927751296515
605,16326.673309322943,63.26673309322943
606,14059.41859257858,40.5941859257858
607,17160.943042459396,71.60943042459395
608,16326.67330932294,63.2667330932294
609,19928.35684414645,99.28356844146448
610,10958.475117263413,9.584751172634133
611,17160.943042459385,71.60943042459384
612,16326.673309322945,63.266733093229455
613,16326.673309322947,63.26673309322947
614,25567.527209397074,155.67527209397073
615,17160.9430424594,71.609430424594
616,10958.475117263415,9.584751172634151
617,18959.550823109064,89.59550823109065
618,16326.673309322936,63.266733093229355
619,16326.673309322943,63.26673309322943
620,13375.927751296524,33.759277512965234
621,14777.83484156339,47.7783484156339
622,22017.01232110724,120.1701232110724
623,18037.84276974353,80.3784276974353
624,17160.943042459392,71.60943042459392
625,18037.84276974353,80.3784276974353
626,14777.834841563394,47.778348415633936
627,14059.418592578582,40.59418592578582
628,18037.842769743525,80.37842769743526
629,10958.475117263415,9.584751172634151
630,17160.943042459403,71.60943042459404
631,15532.96113679989,55.3296113679989
632,19928.35684414644,99.28356844146441
633,18037.842769743525,80.37842769743526
634,18959.55082310907,89.59550823109072
635,14777.834841563395,47.77834841563396
636,14777.834841563397,47.77834841563398
637,18037.84276974353,80.3784276974353
638,16326.673309322947,63.26673309322947
639,14777.834841563388,47.77834841563388
640,18959.55082310907,89.59550823109072
641,18959.550823109064,89.59550823109065
642,14059.418592578582,40.59418592578582
643,17160.9430424594,71.609430424594
644,18037.842769743515,80.37842769743514
645,16326.673309322947,63.26673309322947
646,17160.943042459403,71.60943042459404
647,22017.01232110722,120.17012321107221
648,16326.673309322943,63.26673309322943
649,13375.927751296513,33.75927751296513
650,12107.013315962611,21.07013315962611
651,17160.943042459396,71.60943042459395
652,18037.842769743525,80.37842769743526
653,14059.41859257859,40.594185925785894
654,14777.83484156339,47.7783484156339
655,14059.41859257859,40.594185925785894
656,20946.66747186755,109.4666747186755
657,17160.943042459392,71.60943042459392
658,9918.89360007146,-0.8110639992853975
659,22017.012321107224,120.17012321107224
660,16326.673309322945,63.266733093229455
661,14777.834841563395,47.77834841563396
662,19928.35684414643,99.2835684414643
663,23142.050266412563,131.42050266412565
664,14777.83484156339,47.7783484156339
665,18959.550823109083,89.59550823109083
666,13375.927751296516,33.75927751296516
667,18959.55082310907,89.59550823109072
668,12725.664438382018,27.256644383820184
669,23142.05026641257,131.4205026641257
670,16326.67330932294,63.2667330932294
671,13375.92775129652,33.759277512965205
672,14059.418592578582,40.59418592578582
673,15532.961136799888,55.32961136799888
674,16326.673309322945,63.266733093229455
675,12725.664438382022,27.256644383820223
676,17160.9430424594,71.609430424594
677,19928.356844146434,99.28356844146434
678,13375.927751296522,33.75927751296522
679,12107.013315962613,21.07013315962613
680,23142.050266412556,131.42050266412556
681,17160.9430424594,71.609430424594
682,19928.35684414644,99.28356844146441
683,14777.834841563397,47.77834841563398
684,20946.66747186755,109.4666747186755
685,14777.834841563394,47.778348415633936
686,16326.673309322941,63.26673309322941
687,13375.92775129652,33.759277512965205
688,13375.927751296525,33.759277512965255
689,18959.550823109064,89.59550823109065
690,13375.92775129652,33.759277512965205
691,18037.842769743525,80.37842769743526
692,20946.66747186754,109.46667471867539
693,19928.356844146445,99.28356844146445
694,16326.673309322941,63.26673309322941
695,12107.013315962617,21.070133159626167
696,14777.834841563388,47.77834841563388
697,18037.84276974353,80.3784276974353
698,19928.35684414644,99.28356844146441
699,18037.84276974353,80.3784276974353
700,14777.834841563395,47.77834841563396
701,17160.943042459392,71.60943042459392
702,15532.961136799884,55.329611367998844
703,14777.83484156339,47.7783484156339
704,18959.55082310907,89.59550823109072
705,18037.842769743518,80.37842769743519
706,18037.842769743536,80.37842769743536
707,19928.356844146434,99.28356844146434
708,14777.83484156339,47.7783484156339
709,18037.84276974352,80.37842769743521
710,12725.66443838202,27.256644383820205
711,13375.927751296513,33.75927751296513
712,15532.961136799891,55.32961136799891
713,14777.834841563386,47.778348415633864
714,17160.94304245939,71.60943042459388
715,13375.927751296513,33.75927751296513
716,16326.673309322952,63.26673309322952
717,16326.67330932295,63.2667330932295
718,14059.41859257858,40.5941859257858
719,20946.66747186754,109.46667471867539
720,19928.35684414645,99.28356844146448
721,17160.9430424594,71.609430424594
722,14059.418592578579,40.59418592578579
723,14777.834841563394,47.778348415633936
724,14777.834841563388,47.77834841563388
725,19928.35684414644,99.28356844146441
726,14777.834841563397,47.77834841563398
727,14059.418592578575,40.59418592578575
728,18037.84276974353,80.3784276974353
729,16326.673309322943,63.26673309322943
730,16326.673309322941,63.26673309322941
731,23142.050266412556,131.42050266412556
732,12725.664438382018,27.256644383820184
733,15532.961136799886,55.32961136799885
734,14777.834841563386,47.778348415633864
735,13375.92775129652,33.759277512965205
736,15532.961136799897,55.329611367998965
737,14777.834841563394,47.778348415633936
738,18037.842769743518,80.37842769743519
739,17160.943042459396,71.60943042459395
740,18959.550823109068,89.59550823109068
741,12107.013315962613,21.07013315962613
742,14777.83484156339,47.7783484156339
743,15532.961136799879,55.32961136799879
744,17160.943042459403,71.60943042459404
745,14059.418592578586,40.59418592578586
746,13375.927751296516,33.75927751296516
747,14777.83484156339,47.7783484156339
748,16326.673309322945,63.266733093229455
749,18959.55082310907,89.59550823109072
750,16326.673309322927,63.26673309322926
751,18037.84276974353,80.3784276974353
752,17160.943042459403,71.60943042459404
753,16326.673309322941,63.26673309322941
754,10958.475117263417,9.584751172634169
755,13375.927751296502,33.75927751296502
756,14059.418592578579,40.59418592578579
757,18037.842769743525,80.37842769743526
758,19928.356844146434,99.28356844146434
759,16326.673309322941,63.26673309322941
760,12107.013315962613,21.07013315962613
761,15532.961136799888,55.32961136799888
762,14059.418592578588,40.59418592578587
763,15532.961136799897,55.329611367998965
764,18037.842769743536,80.37842769743536
765,12107.013315962611,21.07013315962611
766,15532.961136799891,55.32961136799891
767,16326.673309322943,63.26673309322943
768,17160.943042459403,71.60943042459404
769,18959.550823109083,89.59550823109083
770,13375.927751296524,33.759277512965234
771,15532.961136799897,55.329611367998965
772,18037.84276974353,80.3784276974353
773,18037.84276974353,80.3784276974353
774,17160.943042459403,71.60943042459404
775,14777.8348415634,47.77834841563399
776,14777.834841563388,47.77834841563388
777,18037.84276974353,80.3784276974353
778,17160.943042459403,71.60943042459404
779,14059.418592578586,40.59418592578586
780,17160.9430424594,71.609430424594
781,17160.943042459392,71.60943042459392
782,16326.673309322954,63.26673309322955
783,12107.01331596261,21.070133159626092
784,19928.356844146445,99.28356844146445
785,9918.893600071453,-0.8110639992854705
786,14777.834841563403,47.77834841563403
787,19928.35684414644,99.28356844146441
788,17160.9430424594,71.609430424594
789,17160.943042459396,71.60943042459395
790,12107.01331596261,21.070133159626092
791,14059.41859257858,40.5941859257858
792,14059.41859257858,40.5941859257858
793,13375.927751296515,33.75927751296515
794,14059.418592578586,40.59418592578586
795,16326.673309322954,63.26673309322955
796,18959.550823109064,89.59550823109065
797,14777.83484156339,47.7783484156339
798,15532.961136799879,55.32961136799879
799,14777.83484156339,47.7783484156339
800,20946.667471867535,109.46667471867535
801,20946.667471867542,109.46667471867542
802,15532.961136799888,55.32961136799888
803,18037.84276974353,80.3784276974353
804,15532.961136799888,55.32961136799888
805,13375.927751296515,33.75927751296515
806,14059.418592578575,40.59418592578575
807,18037.842769743525,80.37842769743526
808,18959.55082310907,89.59550823109072
809,18959.55082310907,89.59550823109072
810,12725.664438382031,27.256644383820312
811,14059.418592578579,40.59418592578579
812,12725.664438382026,27.256644383820255
813,18037.842769743533,80.37842769743533
814,14059.41859257858,40.5941859257858
815,14059.418592578588,40.59418592578587
816,15532.961136799897,55.329611367998965
817,12725.664438382013,27.256644383820127
818,15532.961136799884,55.329611367998844
819,15532.961136799886,55.32961136799885
820,17160.943042459392,71.60943042459392
821,14777.834841563386,47.778348415633864
822,15532.96113679989,55.3296113679989
823,20946.667471867542,109.46667471867542
824,17160.9430424594,71.609430424594
825,12725.664438382013,27.256644383820127
826,17160.94304245939,71.60943042459388
827,15532.96113679989,55.3296113679989
828,12725.66443838202,27.256644383820205
829,17160.9430424594,71.609430424594
830,13375.927751296516,33.75927751296516
831,16326.673309322936,63.266733093229355
832,20946.667471867542,109.46667471867542
833,14059.418592578579,40.59418592578579
834,14777.834841563388,47.77834841563388
835,14777.83484156339,47.7783484156339
836,17160.9430424594,71.609430424594
837,18037.842769743518,80.37842769743519
838,12725.664438382017,27.256644383820166
839,13375.927751296525,33.759277512965255
840,17160.943042459392,71.60943042459392
841,15532.961136799891,55.32961136799891
842,13375.927751296513,33.75927751296513
843,18959.550823109086,89.59550823109086
844,14059.418592578588,40.59418592578587
845,12107.013315962602,21.07013315962602
846,23142.050266412556,131.42050266412556
847,22017.012321107224,120.17012321107224
848,14059.418592578591,40.594185925785915
849,16326.673309322945,63.266733093229455
850,12725.664438382022,27.256644383820223
851,15532.96113679989,55.3296113679989
852,17160.943042459396,71.60943042459395
853,15532.96113679989,55.3296113679989
854,15532.96113679989,55.3296113679989
855,17160.94304245939,71.60943042459388
856,14777.834841563385,47.77834841563385
857,16326.67330932293,63.2667330932293
858,23142.050266412578,131.42050266412576
859,12107.013315962617,21.070133159626167
860,13375.927751296515,33.75927751296515
861,20946.667471867542,109.46667471867542
862,17160.943042459403,71.60943042459404
863,23142.050266412556,131.42050266412556
864,14777.834841563394,47.778348415633936
865,14777.834841563385,47.77834841563385
866,18959.55082310907,89.59550823109072
867,18037.842769743525,80.37842769743526
868,19928.35684414644,99.28356844146441
869,17160.943042459396,71.60943042459395
870,15532.96113679989,55.3296113679989
871,15532.961136799884,55.329611367998844
872,18959.550823109083,89.59550823109083
873,17160.94304245939,71.60943042459388
874,18959.550823109068,89.59550823109068
875,14777.834841563394,47.778348415633936
876,22017.012321107224,120.17012321107224
877,18037.842769743533,80.37842769743533
878,15532.961136799888,55.32961136799888
879,16326.673309322941,63.26673309322941
880,17160.943042459385,71.60943042459384
881,19928.356844146427,99.28356844146427
882,18037.842769743518,80.37842769743519
883,13375.92775129651,33.759277512965106
884,15532.961136799897,55.329611367998965
885,15532.961136799886,55.32961136799885
886,13375.927751296507,33.75927751296508
887,17160.943042459392,71.60943042459392
888,19928.35684414644,99.28356844146441
889,14777.834841563394,47.778348415633936
890,15532.961136799886,55.32961136799885
891,16326.673309322952,63.26673309322952
892,15532.96113679988,55.32961136799881
893,18959.550823109068,89.59550823109068
894,14777.8348415634,47.77834841563399
895,18037.842769743525,80.37842769743526
896,17160.94304245939,71.60943042459388
897,12107.013315962617,21.070133159626167
898,15532.961136799888,55.32961136799888
899,17160.9430424594,71.609430424594
900,16326.673309322947,63.26673309322947
901,14777.834841563388,47.77834841563388
902,18037.84276974353,80.3784276974353
903,18959.550823109064,89.59550823109065
904,14777.834841563388,47.77834841563388
905,20946.667471867557,109.46667471867558
906,14777.834841563403,47.77834841563403
907,14777.8348415634,47.77834841563399
908,17160.943042459392,71.60943042459392
909,15532.961136799891,55.32961136799891
910,17160.9430424594,71.609430424594
911,18959.55082310906,89.5955082310906
912,14059.418592578588,40.59418592578587
913,19928.35684414644,99.28356844146441
914,13375.92775129651,33.759277512965106
915,19928.356844146438,99.28356844146438
916,14777.834841563386,47.778348415633864
917,16326.673309322941,63.26673309322941
918,13375.927751296505,33.75927751296505
919,14777.834841563397,47.77834841563398
920,12107.013315962618,21.070133159626184
921,15532.961136799877,55.329611367998766
922,12725.664438382013,27.256644383820127
923,14777.834841563388,47.77834841563388
924,14059.418592578571,40.594185925785716
925,16326.673309322941,63.26673309322941
926,16326.673309322947,63.26673309322947
927,23142.050266412567,131.42050266412565
928,17160.943042459392,71.60943042459392
929,15532.961136799895,55.32961136799896
930,20946.66747186755,109.4666747186755
931,18959.550823109064,89.59550823109065
932,12107.013315962617,21.070133159626167
933,14059.418592578582,40.59418592578582
934,18959.55082310907,89.59550823109072
935,14059.418592578582,40.59418592578582
936,15532.961136799891,55.32961136799891
937,16326.673309322943,63.26673309322943
938,22017.01232110723,120.17012321107232
939,16326.673309322945,63.266733093229455
940,17160.943042459403,71.60943042459404
941,17160.94304245939,71.60943042459388
942,17160.943042459385,71.60943042459384
943,16326.673309322943,63.26673309322943
944,17160.943042459392,71.60943042459392
945,14059.418592578595,40.59418592578595
946,14777.834841563388,47.77834841563388
947,18959.55082310907,89.59550823109072
948,20946.66747186755,109.4666747186755
949,20946.667471867542,109.46667471867542
950,18037.842769743536,80.37842769743536
951,13375.92775129652,33.759277512965205
952,16326.673309322941,63.26673309322941
953,14777.834841563388,47.77834841563388
954,16326.67330932294,63.2667330932294
955,20946.667471867542,109.46667471867542
956,17160.9430424594,71.609430424594
957,22017.01232110723,120.17012321107232
958,16326.673309322945,63.266733093229455
959,17160.94304245939,71.60943042459388
960,18959.550823109064,89.59550823109065
961,15532.961136799891,55.32961136799891
962,16326.67330932295,63.2667330932295
963,20946.667471867542,109.46667471867542
964,10958.475117263415,9.584751172634151
965,18959.550823109053,89.59550823109053
966,10425.734924079277,4.257349240792773
967,14777.834841563388,47.77834841563388
968,20946.66747186754,109.46667471867539
969,14059.418592578586,40.59418592578586
970,14777.834841563397,47.77834841563398
971,13375.927751296516,33.75927751296516
972,15532.961136799899,55.329611367998986
973,14059.418592578575,40.59418592578575
974,22017.012321107235,120.17012321107234
975,16326.673309322952,63.26673309322952
976,12725.66443838202,27.256644383820205
977,14059.418592578577,40.59418592578577
978,17160.943042459392,71.60943042459392
979,18037.842769743536,80.37842769743536
980,14059.418592578579,40.59418592578579
981,22017.012321107217,120.17012321107217
982,14777.834841563388,47.77834841563388
983,12725.66443838202,27.256644383820205
984,16326.673309322941,63.26673309322941
985,24324.57604702985,143.24576047029848
986,19928.35684414644,99.28356844146441
987,14777.83484156339,47.7783484156339
988,18959.550823109064,89.59550823109065
989,12107.013315962611,21.07013315962611
990,19928.356844146445,99.28356844146445
991,12725.664438382018,27.256644383820184
992,12725.664438382018,27.256644383820184
993,10958.475117263415,9.584751172634151
994,9436.692086071524,-5.633079139284765
995,15532.961136799886,55.32961136799885
996,18037.842769743518,80.37842769743519
997,15532.961136799888,55.32961136799888
998,14777.834841563386,47.778348415633864
999,19928.35684414644,99.28356844146441
